{
    "sparkasse": {
        "sparkasse" : 150,
        "sparkassen": 120,
        "sparka": 90,
        "spk": 50
    },
    "volksbanken raiffeisenbanken": {
        "raiffeisenbanken" : 150,
        "raiffeisen" : 90,
        "volksbank": 80,
        "voba": 50
    },
    "deutsche kreditbank" : {
        "dkb": 40,
        "kreditbank": 100
    },
    "targobank": {
        "targobank": 150,
        "targo": 80
    },
    "commerzbank" : {
        "commerzbank": 150,
        "commerz": 70,
        "coba": 50
    },
    "hypovereinsbank":{
        "hypovereinsbank": 150,
        "hypoverein": 100
    },
    "klarna":{
        "klarna": 110
    },
    "sofort":{
        "sofort": 110
    },
    "giropay":{
        "giropay": 110
    },
    "postbank" : {
        "postbank": 140,
        "poba": 100
    }
}