{"\u2460": "1", "\u2780": "1", "\ud835\udfd0": "2", "\ud835\udfda": "2", "\ud835\udfe4": "9", "\ud835\udfee": "2", "\ud835\udff8": "2", "\ua75a": "2", "\u01a7": "2", "\u03e8": "2", "\ua644": "2", "\u14bf": "2", "\ua6ef": "2", "\u2461": "2", "\u2781": "2", "\u01bb": "2", "\ud83c\udd03": "2.", "\u2489": "2.", "\ud834\ude06": "3", "\ud835\udfd1": "3", "\ud835\udfdb": "3", "\ud835\udfe5": "3", "\ud835\udfef": "3", "\ud835\udff9": "3", "\ud81b\udf3b": "3", "\ud806\udcca": "3", "\ua7ab": "3", "\u021c": "3", "\u01b7": "3", "\ua76a": "3", "\u2ccc": "3", "\u0417": "3", "\u04e0": "3", "\u0ae9": "3", "\u2462": "3", "\u0498": "3", "\ud83c\udd04": "3.", "\u248a": "3.", "\ud835\udfd2": "4", "\ud835\udfdc": "4", "\ud835\udfe6": "4", "\ud835\udff0": "4", "\ud835\udffa": "4", "\ud806\udcaf": "4", "\u13ce": "4", "\u2463": "4", "\u2783": "4", "\u1530": "4", "\ud83c\udd05": "4.", "\u248b": "4.", "\ud835\udfd3": "5", "\ud835\udfdd": "5", "\ud835\udfe7": "5", "\ud835\udff1": "5", "\ud835\udffb": "5", "\ud806\udcbb": "5", "\u01bc": "5", "\u2464": "5", "\u2784": "5", "\ud83c\udd06": "5.", "\u248c": "5.", "\ud835\udfd4": "6", "\ud835\udfde": "6", "\ud835\udfe8": "6", "\ud835\udff2": "6", "\ud835\udffc": "6", "\ud806\udcd5": "6", "\u2cd2": "6", "\u0431": "6", "\u13ee": "6", "\u2465": "6", "\u2785": "6", "\ud83c\udd07": "6.", "\u248d": "6.", "\ud834\ude12": "7", "\ud835\udfd5": "7", "\ud835\udfdf": "7", "\ud835\udfe9": "7", "\ud835\udff3": "7", "\ud835\udffd": "7", "\ud801\udcd2": "7", "\ud806\udcc6": "7", "\u2466": "7", "\u2786": "7", "\ud83c\udd08": "7.", "\u248e": "7.", "\ud83a\udccb": "8", "\ud835\udfd6": "8", "\ud835\udfe0": "8", "\ud835\udfea": "8", "\ud835\udff4": "8", "\ud835\udffe": "8", "\ud800\udf1a": "8", "\u0b03": "8", "\u09ea": "8", "\u0a6a": "8", "\u0223": "8", "\u0222": "8", "\u2467": "8", "\u2787": "8", "\ud83c\udd09": "8.", "\u248f": "8.", "\ud835\udfd7": "9", "\ud835\udfe1": "9", "\ud835\udfeb": "9", "\ud835\udff5": "9", "\ud835\udfff": "9", "\ud806\udccc": "9", "\ud806\udcac": "9", "\ud806\udcd6": "9", "\u0a67": "9", "\u0b68": "9", "\u09ed": "9", "\u0d6d": "9", "\ua76e": "9", "\u2cca": "9", "\u0967": "9", "\u06f9": "9", "\u2468": "9", "\u2788": "9", "\ud83c\udd0a": "9.", "\u2490": "9.", "\ud835\udc1a": "a", "\ud835\udc4e": "a", "\ud835\udc82": "a", "\ud835\udcb6": "a", "\ud835\udcea": "a", "\ud835\udd1e": "a", "\ud835\udd52": "a", "\ud835\udd86": "a", "\ud835\uddba": "a", "\ud835\uddee": "a", "\ud835\ude22": "a", "\ud835\ude56": "a", "\ud835\ude8a": "a", "\ud835\udec2": "a", "\ud835\udefc": "a", "\ud835\udf36": "a", "\ud835\udf70": "a", "\ud835\udfaa": "a", "\ud835\udc00": "a", "\ud835\udc34": "a", "\ud835\udc68": "a", "\ud835\udc9c": "a", "\ud835\udcd0": "a", "\ud835\udd04": "a", "\ud835\udd38": "a", "\ud835\udd6c": "a", "\ud835\udda0": "a", "\ud835\uddd4": "a", "\ud835\ude08": "a", "\ud835\ude3c": "a", "\ud835\ude70": "a", "\ud835\udea8": "a", "\ud835\udee2": "a", "\ud835\udf1c": "a", "\ud835\udf56": "a", "\ud835\udf90": "a", "\u237a": "a", "\uff41": "a", "\u0251": "a", "\u03b1": "a", "\u0430": "a", "\u2df6": "a", "\uff21": "a", "\u0391": "a", "\u0410": "a", "\u13aa": "a", "\u15c5": "a", "\ua4ee": "a", "\u2376": "a", "\u01ce": "a", "\u0103": "a", "\u01cd": "a", "\u0102": "a", "\u0227": "a", "\u00e5": "a", "\u0226": "a", "\u00c5": "a", "\u1e9a": "a", "\u1ea3": "a", "\uab7a": "a", "\u1d00": "a", "\ua733": "aa", "\ua732": "aa", "\u00e6": "ae", "\u04d5": "ae", "\u00c6": "ae", "\u04d4": "ae", "\ua735": "ao", "\ua734": "ao", "\ud83d\udf07": "ar", "\ua737": "au", "\ua736": "au", "\ua738": "av", "\ua739": "av", "\ua73a": "av", "\ua73b": "av", "\ua73d": "ay", "\ua73c": "ay", "\ud835\udc1b": "b", "\ud835\udc4f": "b", "\ud835\udc83": "b", "\ud835\udcb7": "b", "\ud835\udceb": "b", "\ud835\udd1f": "b", "\ud835\udd53": "b", "\ud835\udd87": "b", "\ud835\uddbb": "b", "\ud835\uddef": "b", "\ud835\ude23": "b", "\ud835\ude57": "b", "\ud835\ude8b": "b", "\ud835\udc01": "b", "\ud835\udc35": "b", "\ud835\udc69": "b", "\ud835\udcd1": "b", "\ud835\udd05": "b", "\ud835\udd39": "b", "\ud835\udd6d": "b", "\ud835\udda1": "b", "\ud835\uddd5": "b", "\ud835\ude09": "b", "\ud835\ude3d": "b", "\ud835\ude71": "b", "\ud835\udea9": "b", "\ud835\udee3": "b", "\ud835\udf1d": "b", "\ud835\udf57": "b", "\ud835\udf91": "b", "\ud800\ude82": "b", "\ud800\udea1": "b", "\ud800\udf01": "b", "\ud835\udec3": "b", "\ud835\udefd": "b", "\ud835\udf37": "b", "\ud835\udf71": "b", "\ud835\udfab": "b", "\u0184": "b", "\u042c": "b", "\u13cf": "b", "\u15af": "b", "\uff22": "b", "\u212c": "b", "\ua7b4": "b", "\u0392": "b", "\u0412": "b", "\u13f4": "b", "\u15f7": "b", "\ua4d0": "b", "\u0253": "b", "\u0183": "b", "\u0182": "b", "\u0411": "b", "\u0180": "b", "\u048d": "b", "\u048c": "b", "\u0463": "b", "\u0462": "b", "\u0432": "b", "\u13fc": "b", "\u0299": "b", "\ua7b5": "b", "\u03b2": "b", "\u03d0": "b", "\u13f0": "b", "\u00df": "b", "\u042b": "bl", "\ud835\udc1c": "c", "\ud835\udc50": "c", "\ud835\udc84": "c", "\ud835\udcb8": "c", "\ud835\udcec": "c", "\ud835\udd20": "c", "\ud835\udd54": "c", "\ud835\udd88": "c", "\ud835\uddbc": "c", "\ud835\uddf0": "c", "\ud835\ude24": "c", "\ud835\ude58": "c", "\ud835\ude8c": "c", "\ud801\udc3d": "c", "\ud83d\udf4c": "c", "\ud806\udcf2": "c", "\ud806\udce9": "c", "\ud835\udc02": "c", "\ud835\udc36": "c", "\ud835\udc6a": "c", "\ud835\udc9e": "c", "\ud835\udcd2": "c", "\ud835\udd6e": "c", "\ud835\udda2": "c", "\ud835\uddd6": "c", "\ud835\ude0a": "c", "\ud835\ude3e": "c", "\ud835\ude72": "c", "\ud800\udea2": "c", "\ud800\udf02": "c", "\ud801\udc15": "c", "\ud801\udd1c": "c", "\uff43": "c", "\u217d": "c", "\u1d04": "c", "\u03f2": "c", "\u2ca5": "c", "\u0441": "c", "\uabaf": "c", "\u2ded": "c", "\uff23": "c", "\u216d": "c", "\u2102": "c", "\u212d": "c", "\u03f9": "c", "\u2ca4": "c", "\u0421": "c", "\u13df": "c", "\ua4da": "c", "\u00a2": "c", "\u023c": "c", "\u20a1": "c", "\u00e7": "c", "\u04ab": "c", "\u00c7": "c", "\u04aa": "c", "\u0187": "c", "\ud835\udc1d": "d", "\ud835\udc51": "d", "\ud835\udc85": "d", "\ud835\udcb9": "d", "\ud835\udced": "d", "\ud835\udd21": "d", "\ud835\udd55": "d", "\ud835\udd89": "d", "\ud835\uddbd": "d", "\ud835\uddf1": "d", "\ud835\ude25": "d", "\ud835\ude59": "d", "\ud835\ude8d": "d", "\ud835\udc03": "d", "\ud835\udc37": "d", "\ud835\udc6b": "d", "\ud835\udc9f": "d", "\ud835\udcd3": "d", "\ud835\udd07": "d", "\ud835\udd3b": "d", "\ud835\udd6f": "d", "\ud835\udda3": "d", "\ud835\uddd7": "d", "\ud835\ude0b": "d", "\ud835\ude3f": "d", "\ud835\ude73": "d", "\u217e": "d", "\u2146": "d", "\u0501": "d", "\u13e7": "d", "\u146f": "d", "\ua4d2": "d", "\u216e": "d", "\u2145": "d", "\u13a0": "d", "\u15de": "d", "\u15ea": "d", "\ua4d3": "d", "\u0257": "d", "\u0256": "d", "\u018c": "d", "\u0111": "d", "\u0110": "d", "\u00d0": "d", "\u0189": "d", "\u20ab": "d", "\u147b": "d", "\u1487": "d", "\uab70": "d", "\ud835\udc1e": "e", "\ud835\udc52": "e", "\ud835\udc86": "e", "\ud835\udcee": "e", "\ud835\udd22": "e", "\ud835\udd56": "e", "\ud835\udd8a": "e", "\ud835\uddbe": "e", "\ud835\uddf2": "e", "\ud835\ude26": "e", "\ud835\ude5a": "e", "\ud835\ude8e": "e", "\ud835\udc04": "e", "\ud835\udc38": "e", "\ud835\udc6c": "e", "\ud835\udcd4": "e", "\ud835\udd08": "e", "\ud835\udd3c": "e", "\ud835\udd70": "e", "\ud835\udda4": "e", "\ud835\uddd8": "e", "\ud835\ude0c": "e", "\ud835\ude40": "e", "\ud835\ude74": "e", "\ud835\udeac": "e", "\ud835\udee6": "e", "\ud835\udf20": "e", "\ud835\udf5a": "e", "\ud835\udf94": "e", "\ud806\udca6": "e", "\ud806\udcae": "e", "\ud800\ude86": "e", "\ud834\ude21": "e", "\u212e": "e", "\uff45": "e", "\u212f": "e", "\u2147": "e", "\uab32": "e", "\u0435": "e", "\u04bd": "e", "\u2df7": "e", "\u22ff": "e", "\uff25": "e", "\u2130": "e", "\u0395": "e", "\u0415": "e", "\u2d39": "e", "\u13ac": "e", "\ua4f0": "e", "\u011b": "e", "\u011a": "e", "\u0247": "e", "\u0246": "e", "\u04bf": "e", "\uab7c": "e", "\u1d07": "e", "\u0259": "e", "\u01dd": "e", "\u04d9": "e", "\u2107": "e", "\u0510": "e", "\u13cb": "e", "\ud835\udc1f": "f", "\ud835\udc53": "f", "\ud835\udc87": "f", "\ud835\udcbb": "f", "\ud835\udcef": "f", "\ud835\udd23": "f", "\ud835\udd57": "f", "\ud835\udd8b": "f", "\ud835\uddbf": "f", "\ud835\uddf3": "f", "\ud835\ude27": "f", "\ud835\ude5b": "f", "\ud835\ude8f": "f", "\ud834\ude13": "f", "\ud835\udc05": "f", "\ud835\udc39": "f", "\ud835\udc6d": "f", "\ud835\udcd5": "f", "\ud835\udd09": "f", "\ud835\udd3d": "f", "\ud835\udd71": "f", "\ud835\udda5": "f", "\ud835\uddd9": "f", "\ud835\ude0d": "f", "\ud835\ude41": "f", "\ud835\ude75": "f", "\ud835\udfca": "f", "\ud806\udcc2": "f", "\ud806\udca2": "f", "\ud800\ude87": "f", "\ud800\udea5": "f", "\ud801\udd25": "f", "\uab35": "f", "\ua799": "f", "\u017f": "f", "\u1e9d": "f", "\u0584": "f", "\u2131": "f", "\ua798": "f", "\u03dc": "f", "\u15b4": "f", "\ua4dd": "f", "\u0192": "f", "\u0191": "f", "\u1d6e": "f", "\ufb00": "ff", "\ufb03": "ffi", "\ufb04": "ffl", "\ufb01": "fi", "\ufb02": "fl", "\u02a9": "fn", "\ud835\udc20": "g", "\ud835\udc54": "g", "\ud835\udc88": "g", "\ud835\udcf0": "g", "\ud835\udd24": "g", "\ud835\udd58": "g", "\ud835\udd8c": "g", "\ud835\uddc0": "g", "\ud835\uddf4": "g", "\ud835\ude28": "g", "\ud835\ude5c": "g", "\ud835\ude90": "g", "\ud835\udc06": "g", "\ud835\udc3a": "g", "\ud835\udc6e": "g", "\ud835\udca2": "g", "\ud835\udcd6": "g", "\ud835\udd0a": "g", "\ud835\udd3e": "g", "\ud835\udd72": "g", "\ud835\udda6": "g", "\ud835\uddda": "g", "\ud835\ude0e": "g", "\ud835\ude42": "g", "\ud835\ude76": "g", "\uff47": "g", "\u210a": "g", "\u0261": "g", "\u1d83": "g", "\u018d": "g", "\u0581": "g", "\u050c": "g", "\u13c0": "g", "\u13f3": "g", "\ua4d6": "g", "\u1da2": "g", "\u1d4d": "g", "\u0260": "g", "\u01e7": "g", "\u011f": "g", "\u01e6": "g", "\u011e": "g", "\u01f5": "g", "\u0123": "g", "\u01e5": "g", "\u01e4": "g", "\u0193": "g", "\u050d": "g", "\uab90": "g", "\u13fb": "g", "\ud835\udc21": "h", "\ud835\udc89": "h", "\ud835\udcbd": "h", "\ud835\udcf1": "h", "\ud835\udd25": "h", "\ud835\udd59": "h", "\ud835\udd8d": "h", "\ud835\uddc1": "h", "\ud835\uddf5": "h", "\ud835\ude29": "h", "\ud835\ude5d": "h", "\ud835\ude91": "h", "\ud835\udc07": "h", "\ud835\udc3b": "h", "\ud835\udc6f": "h", "\ud835\udcd7": "h", "\ud835\udd73": "h", "\ud835\udda7": "h", "\ud835\udddb": "h", "\ud835\ude0f": "h", "\ud835\ude43": "h", "\ud835\ude77": "h", "\ud835\udeae": "h", "\ud835\udee8": "h", "\ud835\udf22": "h", "\ud835\udf5c": "h", "\ud835\udf96": "h", "\ud800\udecf": "h", "\ud800\udd99": "h", "\uff48": "h", "\u210e": "h", "\u04bb": "h", "\u0570": "h", "\u13c2": "h", "\uff28": "h", "\u210b": "h", "\u210c": "h", "\u210d": "h", "\u0397": "h", "\u2c8e": "h", "\u041d": "h", "\u13bb": "h", "\u157c": "h", "\ua4e7": "h", "\u1d78": "h", "\u1d34": "h", "\u0266": "h", "\ua695": "h", "\u13f2": "h", "\u2c67": "h", "\u04a2": "h", "\u0127": "h", "\u210f": "h", "\u045b": "h", "\u0126": "h", "\u04c9": "h", "\u04c7": "h", "\u043d": "h", "\u029c": "h", "\uab8b": "h", "\u04a3": "h", "\u04ca": "h", "\u04c8": "h", "\ud835\udc22": "i", "\ud835\udc56": "i", "\ud835\udc8a": "i", "\ud835\udcbe": "i", "\ud835\udcf2": "i", "\ud835\udd26": "i", "\ud835\udd5a": "i", "\ud835\udd8e": "i", "\ud835\uddc2": "i", "\ud835\uddf6": "i", "\ud835\ude2a": "i", "\ud835\ude5e": "i", "\ud835\ude92": "i", "\ud835\udea4": "i", "\ud835\udeca": "i", "\ud835\udf04": "i", "\ud835\udf3e": "i", "\ud835\udf78": "i", "\ud835\udfb2": "i", "\ud806\udcc3": "i", "\u02db": "i", "\u2373": "i", "\uff49": "i", "\u2170": "i", "\u2139": "i", "\u2148": "i", "\u0131": "i", "\u026a": "i", "\u0269": "i", "\u03b9": "i", "\u1fbe": "i", "\u037a": "i", "\u0456": "i", "\ua647": "i", "\u04cf": "i", "\uab75": "i", "\u13a5": "i", "\u24db": "i", "\u2378": "i", "\u01d0": "i", "\u01cf": "i", "\u0268": "i", "\u1d7b": "i", "\u1d7c": "i", "\u2171": "ii", "\u2172": "iii", "\u0133": "ij", "\u2173": "iv", "\u2178": "ix", "\ud835\udc23": "j", "\ud835\udc57": "j", "\ud835\udc8b": "j", "\ud835\udcbf": "j", "\ud835\udcf3": "j", "\ud835\udd27": "j", "\ud835\udd5b": "j", "\ud835\udd8f": "j", "\ud835\uddc3": "j", "\ud835\uddf7": "j", "\ud835\ude2b": "j", "\ud835\ude5f": "j", "\ud835\ude93": "j", "\ud835\udc09": "j", "\ud835\udc3d": "j", "\ud835\udc71": "j", "\ud835\udca5": "j", "\ud835\udcd9": "j", "\ud835\udd0d": "j", "\ud835\udd41": "j", "\ud835\udd75": "j", "\ud835\udda9": "j", "\ud835\udddd": "j", "\ud835\ude11": "j", "\ud835\ude45": "j", "\ud835\ude79": "j", "\ud835\udea5": "j", "\uff4a": "j", "\u2149": "j", "\u03f3": "j", "\u0458": "j", "\uff2a": "j", "\ua7b2": "j", "\u037f": "j", "\u0408": "j", "\u13ab": "j", "\u148d": "j", "\ua4d9": "j", "\u0249": "j", "\u0248": "j", "\u1499": "j", "\u0575": "j", "\uab7b": "j", "\u1d0a": "j", "\ud835\udc24": "k", "\ud835\udc58": "k", "\ud835\udc8c": "k", "\ud835\udcc0": "k", "\ud835\udcf4": "k", "\ud835\udd28": "k", "\ud835\udd5c": "k", "\ud835\udd90": "k", "\ud835\uddc4": "k", "\ud835\uddf8": "k", "\ud835\ude2c": "k", "\ud835\ude60": "k", "\ud835\ude94": "k", "\ud835\udc0a": "k", "\ud835\udc3e": "k", "\ud835\udc72": "k", "\ud835\udca6": "k", "\ud835\udcda": "k", "\ud835\udd0e": "k", "\ud835\udd42": "k", "\ud835\udd76": "k", "\ud835\uddaa": "k", "\ud835\uddde": "k", "\ud835\ude12": "k", "\ud835\ude46": "k", "\ud835\ude7a": "k", "\ud835\udeb1": "k", "\ud835\udeeb": "k", "\ud835\udf25": "k", "\ud835\udf5f": "k", "\ud835\udf99": "k", "\ud835\udecb": "k", "\ud835\udede": "k", "\ud835\udf05": "k", "\ud835\udf18": "k", "\ud835\udf3f": "k", "\ud835\udf52": "k", "\ud835\udf79": "k", "\ud835\udf8c": "k", "\ud835\udfb3": "k", "\ud835\udfc6": "k", "\u212a": "k", "\uff2b": "k", "\u039a": "k", "\u2c94": "k", "\u041a": "k", "\u13e6": "k", "\u16d5": "k", "\ua4d7": "k", "\u0199": "k", "\u2c69": "k", "\u049a": "k", "\u20ad": "k", "\ua740": "k", "\u049e": "k", "\u0198": "k", "\u1d0b": "k", "\u0138": "k", "\u03ba": "k", "\u03f0": "k", "\u2c95": "k", "\u043a": "k", "\uabb6": "k", "\u049b": "k", "\u049f": "k", "\u1e33": "k", "\ud800\udf20": "l", "\ud83a\udcc7": "l", "\ud835\udfcf": "l", "\ud835\udfd9": "l", "\ud835\udfe3": "l", "\ud835\udfed": "l", "\ud835\udff7": "l", "\ud835\udc08": "l", "\ud835\udc3c": "l", "\ud835\udc70": "l", "\ud835\udcd8": "l", "\ud835\udd40": "l", "\ud835\udd74": "l", "\ud835\udda8": "l", "\ud835\udddc": "l", "\ud835\ude10": "l", "\ud835\ude44": "l", "\ud835\ude78": "l", "\ud835\udc25": "l", "\ud835\udc59": "l", "\ud835\udc8d": "l", "\ud835\udcc1": "l", "\ud835\udcf5": "l", "\ud835\udd29": "l", "\ud835\udd5d": "l", "\ud835\udd91": "l", "\ud835\uddc5": "l", "\ud835\uddf9": "l", "\ud835\ude2d": "l", "\ud835\ude61": "l", "\ud835\ude95": "l", "\ud835\udeb0": "l", "\ud835\udeea": "l", "\ud835\udf24": "l", "\ud835\udf5e": "l", "\ud835\udf98": "l", "\ud83b\ude00": "l", "\ud83b\ude80": "l", "\ud81b\udf28": "l", "\ud800\ude8a": "l", "\ud800\udf09": "l", "\ud834\ude2a": "l", "\ud835\udc0b": "l", "\ud835\udc3f": "l", "\ud835\udc73": "l", "\ud835\udcdb": "l", "\ud835\udd0f": "l", "\ud835\udd43": "l", "\ud835\udd77": "l", "\ud835\uddab": "l", "\ud835\udddf": "l", "\ud835\ude13": "l", "\ud835\ude47": "l", "\ud835\ude7b": "l", "\ud81b\udf16": "l", "\ud806\udca3": "l", "\ud806\udcb2": "l", "\ud801\udc1b": "l", "\ud801\udd26": "l", "\ud801\udc43": "l", "\u05c0": "l", "|": "l", "\u2223": "l", "\u23fd": "l", "\uffe8": "l", "\u0661": "l", "\u06f1": "l", "I": "l", "\uff29": "l", "\u2160": "l", "\u2110": "l", "\u2111": "l", "\u0196": "l", "\uff4c": "l", "\u217c": "l", "\u2113": "l", "\u01c0": "l", "\u0399": "l", "\u2c92": "l", "\u0406": "l", "\u04c0": "l", "\u05d5": "l", "\u05df": "l", "\u0627": "l", "\ufe8e": "l", "\ufe8d": "l", "\u07ca": "l", "\u2d4f": "l", "\u16c1": "l", "\ua4f2": "l", "\u216c": "l", "\u2112": "l", "\u2cd0": "l", "\u13de": "l", "\u14aa": "l", "\ua4e1": "l", "\ufd3c": "l", "\ufd3d": "l", "\u0142": "l", "\u0141": "l", "\u026d": "l", "\u0197": "l", "\u019a": "l", "\u026b": "l", "\u0625": "l", "\ufe88": "l", "\ufe87": "l", "\u0673": "l", "\u0140": "l", "\u013f": "l", "\u14b7": "l", "\u0623": "l", "\ufe84": "l", "\ufe83": "l", "\u0672": "l", "\u0675": "l", "\u2cd1": "l", "\uabae": "l", "\ud83c\udd02": "l.", "\u2488": "l.", "\u01c9": "lj", "\u0132": "lj", "\u01c8": "lj", "\u01c7": "lj", "\u2016": "ll", "\u2225": "ll", "\u2161": "ll", "\u01c1": "ll", "\u05f0": "ll", "\u2162": "lll", "\u02aa": "ls", "\u20b6": "lt", "\u2163": "lv", "\u2168": "lx", "\u02ab": "lz", "\ud835\udc0c": "m", "\ud835\udc40": "m", "\ud835\udc74": "m", "\ud835\udcdc": "m", "\ud835\udd10": "m", "\ud835\udd44": "m", "\ud835\udd78": "m", "\ud835\uddac": "m", "\ud835\udde0": "m", "\ud835\ude14": "m", "\ud835\ude48": "m", "\ud835\ude7c": "m", "\ud835\udeb3": "m", "\ud835\udeed": "m", "\ud835\udf27": "m", "\ud835\udf61": "m", "\ud835\udf9b": "m", "\ud800\udeb0": "m", "\ud800\udf11": "m", "\uff2d": "m", "\u216f": "m", "\u2133": "m", "\u039c": "m", "\u03fa": "m", "\u2c98": "m", "\u041c": "m", "\u13b7": "m", "\u15f0": "m", "\u16d6": "m", "\ua4df": "m", "\u04cd": "m", "\u2de8": "m", "\u1ddf": "m", "\u1e43": "m", "\ud83d\udf6b": "mb", "\ud835\udc27": "n", "\ud835\udc5b": "n", "\ud835\udc8f": "n", "\ud835\udcc3": "n", "\ud835\udcf7": "n", "\ud835\udd2b": "n", "\ud835\udd5f": "n", "\ud835\udd93": "n", "\ud835\uddc7": "n", "\ud835\uddfb": "n", "\ud835\ude2f": "n", "\ud835\ude63": "n", "\ud835\ude97": "n", "\ud835\udc0d": "n", "\ud835\udc41": "n", "\ud835\udc75": "n", "\ud835\udca9": "n", "\ud835\udcdd": "n", "\ud835\udd11": "n", "\ud835\udd79": "n", "\ud835\uddad": "n", "\ud835\udde1": "n", "\ud835\ude15": "n", "\ud835\ude49": "n", "\ud835\ude7d": "n", "\ud835\udeb4": "n", "\ud835\udeee": "n", "\ud835\udf28": "n", "\ud835\udf62": "n", "\ud835\udf9c": "n", "\ud801\udd13": "n", "\ud800\udd8e": "n", "\ud835\udec8": "n", "\ud835\udf02": "n", "\ud835\udf3c": "n", "\ud835\udf76": "n", "\ud835\udfb0": "n", "\ud801\udc4d": "n", "\u0578": "n", "\u057c": "n", "\uff2e": "n", "\u2115": "n", "\u039d": "n", "\u2c9a": "n", "\ua4e0": "n", "\u0273": "n", "\u019e": "n", "\u03b7": "n", "\u019d": "n", "\u1d70": "n", "\u0146": "n", "\u0272": "n", "\u01cc": "nj", "\u01cb": "nj", "\u01ca": "nj", "\u2116": "no", "\ud835\udc28": "o", "\ud835\udc5c": "o", "\ud835\udc90": "o", "\ud835\udcf8": "o", "\ud835\udd2c": "o", "\ud835\udd60": "o", "\ud835\udd94": "o", "\ud835\uddc8": "o", "\ud835\uddfc": "o", "\ud835\ude30": "o", "\ud835\ude64": "o", "\ud835\ude98": "o", "\ud835\uded0": "o", "\ud835\udf0a": "o", "\ud835\udf44": "o", "\ud835\udf7e": "o", "\ud835\udfb8": "o", "\ud835\uded4": "o", "\ud835\udf0e": "o", "\ud835\udf48": "o", "\ud835\udf82": "o", "\ud835\udfbc": "o", "\ud83b\ude24": "o", "\ud83b\ude64": "o", "\ud83b\ude84": "o", "\ud801\udcea": "o", "\ud806\udcc8": "o", "\ud806\udcd7": "o", "\ud801\udc2c": "o", "\ud805\udcd0": "o", "\ud806\udce0": "o", "\ud835\udfce": "o", "\ud835\udfd8": "o", "\ud835\udfe2": "o", "\ud835\udfec": "o", "\ud835\udff6": "o", "\ud835\udc0e": "o", "\ud835\udc42": "o", "\ud835\udc76": "o", "\ud835\udcaa": "o", "\ud835\udcde": "o", "\ud835\udd12": "o", "\ud835\udd46": "o", "\ud835\udd7a": "o", "\ud835\uddae": "o", "\ud835\udde2": "o", "\ud835\ude16": "o", "\ud835\ude4a": "o", "\ud835\ude7e": "o", "\ud835\udeb6": "o", "\ud835\udef0": "o", "\ud835\udf2a": "o", "\ud835\udf64": "o", "\ud835\udf9e": "o", "\ud801\udcc2": "o", "\ud806\udcb5": "o", "\ud800\ude92": "o", "\ud800\udeab": "o", "\ud801\udc04": "o", "\ud801\udd16": "o", "\ud834\ude1a": "o", "\ud83d\udf14": "o", "\ud835\udec9": "o", "\ud835\udedd": "o", "\ud835\udf03": "o", "\ud835\udf17": "o", "\ud835\udf3d": "o", "\ud835\udf51": "o", "\ud835\udf77": "o", "\ud835\udf8b": "o", "\ud835\udfb1": "o", "\ud835\udfc5": "o", "\ud835\udeaf": "o", "\ud835\udeb9": "o", "\ud835\udee9": "o", "\ud835\udef3": "o", "\ud835\udf23": "o", "\ud835\udf2d": "o", "\ud835\udf5d": "o", "\ud835\udf67": "o", "\ud835\udf97": "o", "\ud835\udfa1": "o", "\ud83c\udd01": "o.", "\ud83c\udd00": "o.", "\u0c02": "o", "\u0c82": "o", "\u0d02": "o", "\u0d82": "o", "\u0966": "o", "\u0a66": "o", "\u0ae6": "o", "\u0be6": "o", "\u0c66": "o", "\u0ce6": "o", "\u0d66": "o", "\u0e50": "o", "\u0ed0": "o", "\u1040": "o", "\u0665": "o", "\u06f5": "o", "\uff4f": "o", "\u2134": "o", "\u1d0f": "o", "\u1d11": "o", "\uab3d": "o", "\u03bf": "o", "\u03c3": "o", "\u2c9f": "o", "\u043e": "o", "\u10ff": "o", "\u0585": "o", "\u05e1": "o", "\u0647": "o", "\ufeeb": "o", "\ufeec": "o", "\ufeea": "o", "\ufee9": "o", "\u06be": "o", "\ufbac": "o", "\ufbad": "o", "\ufbab": "o", "\ufbaa": "o", "\u06c1": "o", "\ufba8": "o", "\ufba9": "o", "\ufba7": "o", "\ufba6": "o", "\u06d5": "o", "\u0d20": "o", "\u101d": "o", "\u07c0": "o", "\u09e6": "o", "\u0b66": "o", "\u3007": "o", "\uff2f": "o", "\u039f": "o", "\u2c9e": "o", "\u041e": "o", "\u0555": "o", "\u2d54": "o", "\u12d0": "o", "\u0b20": "o", "\ua4f3": "o", "\u2070": "o", "\u00ba": "o", "\u1d52": "o", "\u01d2": "o", "\u014f": "o", "\u01d1": "o", "\u014e": "o", "\u06ff": "o", "\u00f8": "o", "\uab3e": "o", "\u00d8": "o", "\u2d41": "o", "\u01fe": "o", "\u0275": "o", "\ua74b": "o", "\u04e9": "o", "\u0473": "o", "\uab8e": "o", "\uabbb": "o", "\u2296": "o", "\u229d": "o", "\u236c": "o", "\u019f": "o", "\ua74a": "o", "\u03b8": "o", "\u03d1": "o", "\u0398": "o", "\u03f4": "o", "\u04e8": "o", "\u0472": "o", "\u2d31": "o", "\u13be": "o", "\u13eb": "o", "\uab74": "o", "\ufcd9": "o", "\u01a1": "o", "\u01a0": "o", "\u13a4": "o", "\u0153": "oe", "\u0152": "oe", "\u0276": "oe", "\u221e": "oo", "\ua74f": "oo", "\ua699": "oo", "\ua74e": "oo", "\ua698": "oo", "\u1010": "oo", "\ud835\udc29": "p", "\ud835\udc5d": "p", "\ud835\udc91": "p", "\ud835\udcc5": "p", "\ud835\udcf9": "p", "\ud835\udd2d": "p", "\ud835\udd61": "p", "\ud835\udd95": "p", "\ud835\uddc9": "p", "\ud835\uddfd": "p", "\ud835\ude31": "p", "\ud835\ude65": "p", "\ud835\ude99": "p", "\ud835\uded2": "p", "\ud835\udee0": "p", "\ud835\udf0c": "p", "\ud835\udf1a": "p", "\ud835\udf46": "p", "\ud835\udf54": "p", "\ud835\udf80": "p", "\ud835\udf8e": "p", "\ud835\udfba": "p", "\ud835\udfc8": "p", "\ud835\udc0f": "p", "\ud835\udc43": "p", "\ud835\udc77": "p", "\ud835\udcab": "p", "\ud835\udcdf": "p", "\ud835\udd13": "p", "\ud835\udd7b": "p", "\ud835\uddaf": "p", "\ud835\udde3": "p", "\ud835\ude17": "p", "\ud835\ude4b": "p", "\ud835\ude7f": "p", "\ud835\udeb8": "p", "\ud835\udef2": "p", "\ud835\udf2c": "p", "\ud835\udf66": "p", "\ud835\udfa0": "p", "\ud800\ude95": "p", "\u2374": "p", "\uff50": "p", "\u03c1": "p", "\u03f1": "p", "\u2ca3": "p", "\u0440": "p", "\uff30": "p", "\u2119": "p", "\u03a1": "p", "\u2ca2": "p", "\u0420": "p", "\u13e2": "p", "\u146d": "p", "\ua4d1": "p", "\u01a5": "p", "\u1d7d": "p", "\u1477": "p", "\u1486": "p", "\u1d29": "p", "\uabb2": "p", "\ud835\udc2a": "q", "\ud835\udc5e": "q", "\ud835\udc92": "q", "\ud835\udcc6": "q", "\ud835\udcfa": "q", "\ud835\udd2e": "q", "\ud835\udd62": "q", "\ud835\udd96": "q", "\ud835\uddca": "q", "\ud835\uddfe": "q", "\ud835\ude32": "q", "\ud835\ude66": "q", "\ud835\ude9a": "q", "\ud835\udc10": "q", "\ud835\udc44": "q", "\ud835\udc78": "q", "\ud835\udcac": "q", "\ud835\udce0": "q", "\ud835\udd14": "q", "\ud835\udd7c": "q", "\ud835\uddb0": "q", "\ud835\udde4": "q", "\ud835\ude18": "q", "\ud835\ude4c": "q", "\ud835\ude80": "q", "\u051b": "q", "\u0563": "q", "\u0566": "q", "\u211a": "q", "\u2d55": "q", "\u02a0": "q", "\u1d90": "q", "\u024b": "q", "\ud835\udc2b": "r", "\ud835\udc5f": "r", "\ud835\udc93": "r", "\ud835\udcc7": "r", "\ud835\udcfb": "r", "\ud835\udd2f": "r", "\ud835\udd63": "r", "\ud835\udd97": "r", "\ud835\uddcb": "r", "\ud835\uddff": "r", "\ud835\ude33": "r", "\ud835\ude67": "r", "\ud835\ude9b": "r", "\ud834\ude16": "r", "\ud835\udc11": "r", "\ud835\udc45": "r", "\ud835\udc79": "r", "\ud835\udce1": "r", "\ud835\udd7d": "r", "\ud835\uddb1": "r", "\ud835\udde5": "r", "\ud835\ude19": "r", "\ud835\ude4d": "r", "\ud835\ude81": "r", "\ud801\udcb4": "r", "\uab47": "r", "\uab48": "r", "\u1d26": "r", "\u2c85": "r", "\u0433": "r", "\uab81": "r", "\u211b": "r", "\u211c": "r", "\u211d": "r", "\u01a6": "r", "\u13a1": "r", "\u13d2": "r", "\u1587": "r", "\ua4e3": "r", "\u027d": "r", "\u027c": "r", "\u024d": "r", "\u0493": "r", "\u1d72": "r", "\u0491": "r", "\uab71": "r", "\u0280": "r", "\uaba2": "r", "\u1d73": "r", "\ud806\udce3": "rn", "\ud835\udc26": "rn", "\ud835\udc5a": "rn", "\ud835\udc8e": "rn", "\ud835\udcc2": "rn", "\ud835\udcf6": "rn", "\ud835\udd2a": "rn", "\ud835\udd5e": "rn", "\ud835\udd92": "rn", "\ud835\uddc6": "rn", "\ud835\uddfa": "rn", "\ud835\ude2e": "rn", "\ud835\ude62": "rn", "\ud835\ude96": "rn", "\ud805\udf00": "rn", "\u217f": "rn", "\u20a5": "rn", "\u0271": "rn", "\u1d6f": "rn", "\ud835\udc2c": "s", "\ud835\udc60": "s", "\ud835\udc94": "s", "\ud835\udcc8": "s", "\ud835\udcfc": "s", "\ud835\udd30": "s", "\ud835\udd64": "s", "\ud835\udd98": "s", "\ud835\uddcc": "s", "\ud835\ude00": "s", "\ud835\ude34": "s", "\ud835\ude68": "s", "\ud835\ude9c": "s", "\ud806\udcc1": "s", "\ud801\udc48": "s", "\ud835\udc12": "s", "\ud835\udc46": "s", "\ud835\udc7a": "s", "\ud835\udcae": "s", "\ud835\udce2": "s", "\ud835\udd16": "s", "\ud835\udd4a": "s", "\ud835\udd7e": "s", "\ud835\uddb2": "s", "\ud835\udde6": "s", "\ud835\ude1a": "s", "\ud835\ude4e": "s", "\ud835\ude82": "s", "\ud81b\udf3a": "s", "\ud800\ude96": "s", "\ud801\udc20": "s", "\uff53": "s", "\ua731": "s", "\u01bd": "s", "\u0455": "s", "\uabaa": "s", "\uff33": "s", "\u0405": "s", "\u054f": "s", "\u13d5": "s", "\u13da": "s", "\ua4e2": "s", "\u0282": "s", "\u1d74": "s", "\ud83d\udf5c": "sss", "\ufb06": "st", "\ud835\udc2d": "t", "\ud835\udc61": "t", "\ud835\udc95": "t", "\ud835\udcc9": "t", "\ud835\udcfd": "t", "\ud835\udd31": "t", "\ud835\udd65": "t", "\ud835\udd99": "t", "\ud835\uddcd": "t", "\ud835\ude01": "t", "\ud835\ude35": "t", "\ud835\ude69": "t", "\ud835\ude9d": "t", "\ud83d\udf68": "t", "\ud835\udc13": "t", "\ud835\udc47": "t", "\ud835\udc7b": "t", "\ud835\udcaf": "t", "\ud835\udce3": "t", "\ud835\udd17": "t", "\ud835\udd4b": "t", "\ud835\udd7f": "t", "\ud835\uddb3": "t", "\ud835\udde7": "t", "\ud835\ude1b": "t", "\ud835\ude4f": "t", "\ud835\ude83": "t", "\ud835\udebb": "t", "\ud835\udef5": "t", "\ud835\udf2f": "t", "\ud835\udf69": "t", "\ud835\udfa3": "t", "\ud81b\udf0a": "t", "\ud806\udcbc": "t", "\ud800\ude97": "t", "\ud800\udeb1": "t", "\ud800\udf15": "t", "\ud835\uded5": "t", "\ud835\udf0f": "t", "\ud835\udf49": "t", "\ud835\udf83": "t", "\ud835\udfbd": "t", "\u22a4": "t", "\u27d9": "t", "\uff34": "t", "\u03a4": "t", "\u2ca6": "t", "\u0422": "t", "\u13a2": "t", "\ua4d4": "t", "\u2361": "t", "\u023e": "t", "\u021a": "t", "\u0162": "t", "\u01ae": "t", "\u04ac": "t", "\u20ae": "t", "\u0167": "t", "\u0166": "t", "\u1d75": "t", "\ud835\udc2e": "u", "\ud835\udc62": "u", "\ud835\udc96": "u", "\ud835\udcca": "u", "\ud835\udcfe": "u", "\ud835\udd32": "u", "\ud835\udd66": "u", "\ud835\udd9a": "u", "\ud835\uddce": "u", "\ud835\ude02": "u", "\ud835\ude36": "u", "\ud835\ude6a": "u", "\ud835\ude9e": "u", "\ud835\uded6": "u", "\ud835\udf10": "u", "\ud835\udf4a": "u", "\ud835\udf84": "u", "\ud835\udfbe": "u", "\ud801\udcf6": "u", "\ud806\udcd8": "u", "\ud835\udc14": "u", "\ud835\udc48": "u", "\ud835\udc7c": "u", "\ud835\udcb0": "u", "\ud835\udce4": "u", "\ud835\udd18": "u", "\ud835\udd4c": "u", "\ud835\udd80": "u", "\ud835\uddb4": "u", "\ud835\udde8": "u", "\ud835\ude1c": "u", "\ud835\ude50": "u", "\ud835\ude84": "u", "\ud801\udcce": "u", "\ud81b\udf42": "u", "\ud806\udcb8": "u", "\ua79f": "u", "\u1d1c": "u", "\uab4e": "u", "\uab52": "u", "\u028b": "u", "\u03c5": "u", "\u057d": "u", "\u222a": "u", "\u22c3": "u", "\u054d": "u", "\u1200": "u", "\u144c": "u", "\ua4f4": "u", "\u01d4": "u", "\u01d3": "u", "\u1d7e": "u", "\uab9c": "u", "\u0244": "u", "\u13cc": "u", "\u1458": "u", "\u1467": "u", "\u2127": "u", "\u162e": "u", "\u1634": "u", "\u01b1": "u", "\u1d7f": "u", "\u1d6b": "ue", "\uab63": "uo", "\ud835\udc2f": "v", "\ud835\udc63": "v", "\ud835\udc97": "v", "\ud835\udccb": "v", "\ud835\udcff": "v", "\ud835\udd33": "v", "\ud835\udd67": "v", "\ud835\udd9b": "v", "\ud835\uddcf": "v", "\ud835\ude03": "v", "\ud835\ude37": "v", "\ud835\ude6b": "v", "\ud835\ude9f": "v", "\ud835\udece": "v", "\ud835\udf08": "v", "\ud835\udf42": "v", "\ud835\udf7c": "v", "\ud835\udfb6": "v", "\ud805\udf06": "v", "\ud806\udcc0": "v", "\ud834\ude0d": "v", "\ud835\udc15": "v", "\ud835\udc49": "v", "\ud835\udc7d": "v", "\ud835\udcb1": "v", "\ud835\udce5": "v", "\ud835\udd19": "v", "\ud835\udd4d": "v", "\ud835\udd81": "v", "\ud835\uddb5": "v", "\ud835\udde9": "v", "\ud835\ude1d": "v", "\ud835\ude51": "v", "\ud835\ude85": "v", "\ud81b\udf08": "v", "\ud806\udca0": "v", "\ud801\udd1d": "v", "\ud800\udd97": "v", "\ud83d\udf08": "v", "\u2228": "v", "\u22c1": "v", "\uff56": "v", "\u2174": "v", "\u1d20": "v", "\u03bd": "v", "\u0475": "v", "\u05d8": "v", "\uaba9": "v", "\u0667": "v", "\u06f7": "v", "\u2164": "v", "\u0474": "v", "\u2d38": "v", "\u13d9": "v", "\u142f": "v", "\ua6df": "v", "\ua4e6": "v", "\u143b": "v", "\ud83d\udf6c": "vb", "\u2175": "vi", "\u2176": "vii", "\u2177": "viii", "\u2165": "vl", "\u2166": "vll", "\u2167": "vlll", "\ud835\udc30": "w", "\ud835\udc64": "w", "\ud835\udc98": "w", "\ud835\udccc": "w", "\ud835\udd00": "w", "\ud835\udd34": "w", "\ud835\udd68": "w", "\ud835\udd9c": "w", "\ud835\uddd0": "w", "\ud835\ude04": "w", "\ud835\ude38": "w", "\ud835\ude6c": "w", "\ud835\udea0": "w", "\ud805\udf0a": "w", "\ud805\udf0e": "w", "\ud805\udf0f": "w", "\ud806\udcef": "w", "\ud806\udce6": "w", "\ud835\udc16": "w", "\ud835\udc4a": "w", "\ud835\udc7e": "w", "\ud835\udcb2": "w", "\ud835\udce6": "w", "\ud835\udd1a": "w", "\ud835\udd4e": "w", "\ud835\udd82": "w", "\ud835\uddb6": "w", "\ud835\uddea": "w", "\ud835\ude1e": "w", "\ud835\ude52": "w", "\ud835\ude86": "w", "\ud805\udcc5": "w", "\u026f": "w", "\u1d21": "w", "\u0461": "w", "\u051d": "w", "\u0561": "w", "\uab83": "w", "\u051c": "w", "\u13b3": "w", "\u13d4": "w", "\ua4ea": "w", "\u047d": "w", "\u20a9": "w", "\ua761": "w", "\ud835\udc31": "x", "\ud835\udc65": "x", "\ud835\udc99": "x", "\ud835\udccd": "x", "\ud835\udd01": "x", "\ud835\udd35": "x", "\ud835\udd69": "x", "\ud835\udd9d": "x", "\ud835\uddd1": "x", "\ud835\ude05": "x", "\ud835\ude39": "x", "\ud835\ude6d": "x", "\ud835\udea1": "x", "\ud800\udf22": "x", "\ud806\udcec": "x", "\ud835\udc17": "x", "\ud835\udc4b": "x", "\ud835\udc7f": "x", "\ud835\udcb3": "x", "\ud835\udce7": "x", "\ud835\udd1b": "x", "\ud835\udd4f": "x", "\ud835\udd83": "x", "\ud835\uddb7": "x", "\ud835\uddeb": "x", "\ud835\ude1f": "x", "\ud835\ude53": "x", "\ud835\ude87": "x", "\ud835\udebe": "x", "\ud835\udef8": "x", "\ud835\udf32": "x", "\ud835\udf6c": "x", "\ud835\udfa6": "x", "\ud800\ude90": "x", "\ud800\udeb4": "x", "\ud800\udf17": "x", "\ud801\udd27": "x", "\ud800\udd96": "x", "\u166e": "x", "\u00d7": "x", "\u292b": "x", "\u292c": "x", "\u2a2f": "x", "\uff58": "x", "\u2179": "x", "\u0445": "x", "\u1541": "x", "\u157d": "x", "\u2def": "x", "\u036f": "x", "\u166d": "x", "\u2573": "x", "\uff38": "x", "\u2169": "x", "\ua7b3": "x", "\u03a7": "x", "\u2cac": "x", "\u0425": "x", "\u2d5d": "x", "\u16b7": "x", "\ua4eb": "x", "\u2a30": "x", "\u04b2": "x", "\u217a": "xi", "\u217b": "xii", "\u216a": "xl", "\u216b": "xll", "\ud835\udc32": "y", "\ud835\udc66": "y", "\ud835\udc9a": "y", "\ud835\udcce": "y", "\ud835\udd02": "y", "\ud835\udd36": "y", "\ud835\udd6a": "y", "\ud835\udd9e": "y", "\ud835\uddd2": "y", "\ud835\ude06": "y", "\ud835\ude3a": "y", "\ud835\ude6e": "y", "\ud835\udea2": "y", "\ud835\udec4": "y", "\ud835\udefe": "y", "\ud835\udf38": "y", "\ud835\udf72": "y", "\ud835\udfac": "y", "\ud806\udcdc": "y", "\ud835\udc18": "y", "\ud835\udc4c": "y", "\ud835\udc80": "y", "\ud835\udcb4": "y", "\ud835\udce8": "y", "\ud835\udd1c": "y", "\ud835\udd50": "y", "\ud835\udd84": "y", "\ud835\uddb8": "y", "\ud835\uddec": "y", "\ud835\ude20": "y", "\ud835\ude54": "y", "\ud835\ude88": "y", "\ud835\udebc": "y", "\ud835\udef6": "y", "\ud835\udf30": "y", "\ud835\udf6a": "y", "\ud835\udfa4": "y", "\ud81b\udf43": "y", "\ud806\udca4": "y", "\ud800\udeb2": "y", "\u0263": "y", "\u1d8c": "y", "\uff59": "y", "\u028f": "y", "\u1eff": "y", "\uab5a": "y", "\u03b3": "y", "\u213d": "y", "\u0443": "y", "\u04af": "y", "\u10e7": "y", "\uff39": "y", "\u03a5": "y", "\u03d2": "y", "\u2ca8": "y", "\u0423": "y", "\u04ae": "y", "\u13a9": "y", "\u13bd": "y", "\ua4ec": "y", "\u01b4": "y", "\u024f": "y", "\u04b1": "y", "\u00a5": "y", "\u024e": "y", "\u04b0": "y", "\ud835\udc33": "z", "\ud835\udc67": "z", "\ud835\udc9b": "z", "\ud835\udccf": "z", "\ud835\udd03": "z", "\ud835\udd37": "z", "\ud835\udd6b": "z", "\ud835\udd9f": "z", "\ud835\uddd3": "z", "\ud835\ude07": "z", "\ud835\ude3b": "z", "\ud835\ude6f": "z", "\ud835\udea3": "z", "\ud806\udcc4": "z", "\ud800\udef5": "z", "\ud806\udce5": "z", "\ud835\udc19": "z", "\ud835\udc4d": "z", "\ud835\udc81": "z", "\ud835\udcb5": "z", "\ud835\udce9": "z", "\ud835\udd85": "z", "\ud835\uddb9": "z", "\ud835\udded": "z", "\ud835\ude21": "z", "\ud835\ude55": "z", "\ud835\ude89": "z", "\ud835\udead": "z", "\ud835\udee7": "z", "\ud835\udf21": "z", "\ud835\udf5b": "z", "\ud835\udf95": "z", "\ud806\udca9": "z", "\u1d22": "z", "\uab93": "z", "\uff3a": "z", "\u2124": "z", "\u2128": "z", "\u0396": "z", "\u13c3": "z", "\ua4dc": "z", "\u0290": "z", "\u01b6": "z", "\u01b5": "z", "\u0225": "z", "\u0224": "z", "\u1d76": "z", "\u2010": "-", "\u2011": "-", "\u2012": "-", "\u2013": "-", "\ufe58": "-", "\u06d4": "-", "\u2043": "-", "\u02d7": "-", "\u2212": "-", "\u2796": "-", "\u2cba": "-"}